id,name,model_id:id,group_id:id,perm_read,perm_write,perm_create,perm_unlink
access_loan_contract,loan.contract,model_loan_contract,base.group_user,1,1,1,1
access_loan_transaction,loan.transaction,model_loan_transaction,base.group_user,1,1,1,1
access_loan_contract_user,loan.contract.user,model_loan_contract,group_loan_user,1,1,1,0
access_loan_contract_manager,loan.contract.manager,model_loan_contract,group_loan_manager,1,1,1,1
access_loan_asset,access_loan_asset,model_loan_asset,base.group_user,1,1,1,1


