<?xml version="1.0" encoding="utf-8"?>
<odoo>
    <!-- Định nghĩa các nhóm người dùng trước -->
    <record id="group_loan_user" model="res.groups">
        <field name="name">Nhân viên cầm đồ</field>
        <field name="category_id" ref="base.module_category_hidden"/>
    </record>

    <record id="group_loan_manager" model="res.groups">
        <field name="name">Quản lý cầm đồ</field>
        <field name="category_id" ref="base.module_category_hidden"/>
        <field name="implied_ids" eval="[(4, ref('group_loan_user'))]"/>
    </record>

    <!-- Nhóm đa công ty (chỉ dành cho admin) -->
    <record id="group_loan_multi_company" model="res.groups">
        <field name="name">Xem đa công ty</field>
        <field name="category_id" ref="base.module_category_hidden"/>
        <field name="users" eval="[(4, ref('base.user_admin'))]"/>
    </record>

    <!-- Sau đó định nghĩa các rule -->
    <record id="loan_contract_company_rule" model="ir.rule">
        <field name="name">Loan Contract: Limit by Company</field>
        <field name="model_id" ref="model_loan_contract"/>
        <field name="domain_force">[('company_id', 'in', company_ids)]</field>
        <field name="groups" eval="[(4, ref('base.group_user'))]"/>
    </record>

    <record id="loan_asset_rule_by_company" model="ir.rule">
        <field name="name">Tài sản thế chấp - chỉ thấy theo công ty</field>
        <field name="model_id" ref="loan.model_loan_asset"/>
        <field name="domain_force">[('company_id', 'in', user.company_ids.ids)]</field>
        <field name="groups" eval="[(4, ref('base.group_user'))]"/>
    </record>

    <record id="loan_contract_company_rule_admin" model="ir.rule">
        <field name="name">Admin xem tất cả hợp đồng</field>
        <field name="model_id" ref="model_loan_contract"/>
        <field name="domain_force">[(1,'=',1)]</field>
        <field name="groups" eval="[(4, ref('group_loan_multi_company'))]"/>
    </record>
</odoo>