<?xml version="1.0" encoding="utf-8"?>
<odoo>
    <!-- Định nghĩa các nhóm người dùng trước -->
    <record id="loan_asset_rule_by_company" model="ir.rule">
        <field name="name">Tài sản thế chấp - chỉ thấy theo công ty</field>
        <field name="model_id" ref="loan.model_loan_asset"/>
        <field name="domain_force">[('company_id', 'in', user.company_ids.ids)]</field>
        <field name="groups" eval="[(4, ref('base.group_user'))]"/>
    </record>

</odoo>